<metadata xml:lang="en"><Esri><CreaDate>20220925</CreaDate><CreaTime>19584000</CreaTime><ArcGISFormat>1.0</ArcGISFormat><SyncOnce>FALSE</SyncOnce><DataProperties><itemProps><itemName Sync="TRUE">airbnbct23</itemName><imsContentType Sync="TRUE">002</imsContentType><itemLocation><linkage Sync="TRUE">file://\\Mac\Home\Documents\Assistant Prof\Teaching\2023_2024\Fall\GGR473\4. SDA and ML\Wk 11\Lab 5\Data\airbnbct23.shp</linkage><protocol Sync="TRUE">Local Area Network</protocol></itemLocation><itemSize Sync="TRUE">0.000</itemSize></itemProps><coordRef><type Sync="TRUE">Projected</type><geogcsn Sync="TRUE">GCS_North_American_1983</geogcsn><csUnits Sync="TRUE">Linear Unit: Meter (1.000000)</csUnits><projcsn Sync="TRUE">NAD83_Statistics_Canada_Lambert</projcsn><peXml Sync="TRUE">&lt;ProjectedCoordinateSystem xsi:type='typens:ProjectedCoordinateSystem' xmlns:xsi='http://www.w3.org/2001/XMLSchema-instance' xmlns:xs='http://www.w3.org/2001/XMLSchema' xmlns:typens='http://www.esri.com/schemas/ArcGIS/3.0.0'&gt;&lt;WKT&gt;PROJCS[&amp;quot;NAD83_Statistics_Canada_Lambert&amp;quot;,GEOGCS[&amp;quot;GCS_North_American_1983&amp;quot;,DATUM[&amp;quot;D_North_American_1983&amp;quot;,SPHEROID[&amp;quot;Geodetic_Reference_System_of_1980&amp;quot;,6378137.0,298.2572221008916]],PRIMEM[&amp;quot;Greenwich&amp;quot;,0.0],UNIT[&amp;quot;Degree&amp;quot;,0.0174532925199433]],PROJECTION[&amp;quot;Lambert_Conformal_Conic&amp;quot;],PARAMETER[&amp;quot;false_easting&amp;quot;,6200000.0],PARAMETER[&amp;quot;false_northing&amp;quot;,3000000.0],PARAMETER[&amp;quot;central_meridian&amp;quot;,-91.86666666666666],PARAMETER[&amp;quot;standard_parallel_1&amp;quot;,49.0],PARAMETER[&amp;quot;standard_parallel_2&amp;quot;,77.0],PARAMETER[&amp;quot;latitude_of_origin&amp;quot;,63.390675],UNIT[&amp;quot;Meter&amp;quot;,1.0]]&lt;/WKT&gt;&lt;XOrigin&gt;-28455800&lt;/XOrigin&gt;&lt;YOrigin&gt;-28572600&lt;/YOrigin&gt;&lt;XYScale&gt;129952262.74881823&lt;/XYScale&gt;&lt;ZOrigin&gt;-100000&lt;/ZOrigin&gt;&lt;ZScale&gt;10000&lt;/ZScale&gt;&lt;MOrigin&gt;-100000&lt;/MOrigin&gt;&lt;MScale&gt;10000&lt;/MScale&gt;&lt;XYTolerance&gt;0.001&lt;/XYTolerance&gt;&lt;ZTolerance&gt;0.001&lt;/ZTolerance&gt;&lt;MTolerance&gt;0.001&lt;/MTolerance&gt;&lt;HighPrecision&gt;true&lt;/HighPrecision&gt;&lt;/ProjectedCoordinateSystem&gt;</peXml></coordRef><lineage><Process ToolSource="c:\users\lindsey\appdata\local\programs\arcgis\pro\Resources\ArcToolbox\toolboxes\Data Management Tools.tbx\CopyFeatures" Date="20220925" Time="195843">CopyFeatures "\\Mac\Home\Documents\Assistant Prof\Teaching\Fall 2022\GGR386\Labs\Lab 1\Data\lct_000b21f_e\lct_000b21f_e.gdb\lct_000b21f_e" "\\Mac\Home\Documents\Assistant Prof\Teaching\Fall 2022\GGR386\Labs\Lab 1\Toronto Population 2021\Toronto Population 2021.gdb\lct_000b21f_e" # # # #</Process><Process ToolSource="c:\program files\arcgis\pro\Resources\ArcToolbox\toolboxes\Conversion Tools.tbx\ExportFeatures" Date="20220926" Time="121014">ExportFeatures lct_000b21f_e "\\Mac\Home\Documents\Assistant Prof\Teaching\Fall 2022\GGR386\Labs\Lab 1\Lab 1\Toronto Population 2021\Toronto Population 2021.gdb\Toronto_PopDens_CT2021" # NOT_USE_ALIAS "CTUID "CTUID" true true false 10 Text 0 0,First,#,lct_000b21f_e,lct_000b21f_e.CTUID,0,10;DGUID "DGUID" true true false 21 Text 0 0,First,#,lct_000b21f_e,lct_000b21f_e.DGUID,0,21;CTNAME "CTNAME" true true false 7 Text 0 0,First,#,lct_000b21f_e,lct_000b21f_e.CTNAME,0,7;LANDAREA "LANDAREA" true true false 8 Double 0 0,First,#,lct_000b21f_e,lct_000b21f_e.LANDAREA,-1,-1;PRUID "PRUID" true true false 2 Text 0 0,First,#,lct_000b21f_e,lct_000b21f_e.PRUID,0,2;SHAPE_Length "SHAPE_Length" false true true 8 Double 0 0,First,#,lct_000b21f_e,lct_000b21f_e.SHAPE_Length,-1,-1;SHAPE_Area "SHAPE_Area" false true true 8 Double 0 0,First,#,lct_000b21f_e,lct_000b21f_e.SHAPE_Area,-1,-1;OBJECTID "OBJECTID" false true false 4 Long 0 9,First,#,lct_000b21f_e,T9810001401_noSymbol.OBJECTID,-1,-1;CTNAME "CTNAME" true true false 8000 Text 0 0,First,#,lct_000b21f_e,T9810001401_noSymbol.CTNAME,0,8000;AREATYPE "AREATYPE" true true false 8000 Text 0 0,First,#,lct_000b21f_e,T9810001401_noSymbol.AREATYPE,0,8000;POP2021 "POP2021" true true false 4 Long 0 0,First,#,lct_000b21f_e,T9810001401_noSymbol.POP2021,-1,-1;POP2016 "POP2016" true true false 4 Long 0 0,First,#,lct_000b21f_e,T9810001401_noSymbol.POP2016,-1,-1;POPPCCHANGE2016_2021 "POPPCCHANGE2016_2021" true true false 8000 Text 0 0,First,#,lct_000b21f_e,T9810001401_noSymbol.POPPCCHANGE2016_2021,0,8000;TOTALPRIVDWEL2021 "TOTALPRIVDWEL2021" true true false 4 Long 0 0,First,#,lct_000b21f_e,T9810001401_noSymbol.TOTALPRIVDWEL2021,-1,-1;PRIVDWELLOCC2021 "PRIVDWELLOCC2021" true true false 4 Long 0 0,First,#,lct_000b21f_e,T9810001401_noSymbol.PRIVDWELLOCC2021,-1,-1;AREA "AREA" true true false 8 Double 0 0,First,#,lct_000b21f_e,T9810001401_noSymbol.AREA,-1,-1;POPDENS2021 "POPDENS2021" true true false 8 Double 0 0,First,#,lct_000b21f_e,T9810001401_noSymbol.POPDENS2021,-1,-1" #</Process><Process ToolSource="c:\program files\arcgis\pro\Resources\ArcToolbox\toolboxes\Conversion Tools.tbx\ExportFeatures" Date="20220926" Time="121321">ExportFeatures "\\Mac\Home\Documents\Assistant Prof\Teaching\Fall 2022\GGR386\Labs\Lab 1\Lab 1\Toronto Population 2021\Toronto Population 2021.gdb\Toronto_PopDens_CT2021" "\\Mac\Home\Documents\Assistant Prof\Teaching\Fall 2022\GGR386\Labs\Lab 1\Lab 1\Data\Toronto_PopDens_CT2021.shp" # NOT_USE_ALIAS "CTUID "CTUID" true true false 10 Text 0 0,First,#,\\Mac\Home\Documents\Assistant Prof\Teaching\Fall 2022\GGR386\Labs\Lab 1\Lab 1\Toronto Population 2021\Toronto Population 2021.gdb\Toronto_PopDens_CT2021,CTUID,0,10;DGUID "DGUID" true true false 21 Text 0 0,First,#,\\Mac\Home\Documents\Assistant Prof\Teaching\Fall 2022\GGR386\Labs\Lab 1\Lab 1\Toronto Population 2021\Toronto Population 2021.gdb\Toronto_PopDens_CT2021,DGUID,0,21;CTNAME "CTNAME" true true false 7 Text 0 0,First,#,\\Mac\Home\Documents\Assistant Prof\Teaching\Fall 2022\GGR386\Labs\Lab 1\Lab 1\Toronto Population 2021\Toronto Population 2021.gdb\Toronto_PopDens_CT2021,CTNAME,0,7;LANDAREA "LANDAREA" true true false 8 Double 0 0,First,#,\\Mac\Home\Documents\Assistant Prof\Teaching\Fall 2022\GGR386\Labs\Lab 1\Lab 1\Toronto Population 2021\Toronto Population 2021.gdb\Toronto_PopDens_CT2021,LANDAREA,-1,-1;PRUID "PRUID" true true false 2 Text 0 0,First,#,\\Mac\Home\Documents\Assistant Prof\Teaching\Fall 2022\GGR386\Labs\Lab 1\Lab 1\Toronto Population 2021\Toronto Population 2021.gdb\Toronto_PopDens_CT2021,PRUID,0,2;OBJECTID "OBJECTID" true true false 4 Long 0 0,First,#,\\Mac\Home\Documents\Assistant Prof\Teaching\Fall 2022\GGR386\Labs\Lab 1\Lab 1\Toronto Population 2021\Toronto Population 2021.gdb\Toronto_PopDens_CT2021,OBJECTID,-1,-1;CTNAME_1 "CTNAME" true true false 8000 Text 0 0,First,#,\\Mac\Home\Documents\Assistant Prof\Teaching\Fall 2022\GGR386\Labs\Lab 1\Lab 1\Toronto Population 2021\Toronto Population 2021.gdb\Toronto_PopDens_CT2021,CTNAME_1,0,8000;AREATYPE "AREATYPE" true true false 8000 Text 0 0,First,#,\\Mac\Home\Documents\Assistant Prof\Teaching\Fall 2022\GGR386\Labs\Lab 1\Lab 1\Toronto Population 2021\Toronto Population 2021.gdb\Toronto_PopDens_CT2021,AREATYPE,0,8000;POP2021 "POP2021" true true false 4 Long 0 0,First,#,\\Mac\Home\Documents\Assistant Prof\Teaching\Fall 2022\GGR386\Labs\Lab 1\Lab 1\Toronto Population 2021\Toronto Population 2021.gdb\Toronto_PopDens_CT2021,POP2021,-1,-1;POP2016 "POP2016" true true false 4 Long 0 0,First,#,\\Mac\Home\Documents\Assistant Prof\Teaching\Fall 2022\GGR386\Labs\Lab 1\Lab 1\Toronto Population 2021\Toronto Population 2021.gdb\Toronto_PopDens_CT2021,POP2016,-1,-1;POPPCCHANGE2016_2021 "POPPCCHANGE2016_2021" true true false 8000 Text 0 0,First,#,\\Mac\Home\Documents\Assistant Prof\Teaching\Fall 2022\GGR386\Labs\Lab 1\Lab 1\Toronto Population 2021\Toronto Population 2021.gdb\Toronto_PopDens_CT2021,POPPCCHANGE2016_2021,0,8000;TOTALPRIVDWEL2021 "TOTALPRIVDWEL2021" true true false 4 Long 0 0,First,#,\\Mac\Home\Documents\Assistant Prof\Teaching\Fall 2022\GGR386\Labs\Lab 1\Lab 1\Toronto Population 2021\Toronto Population 2021.gdb\Toronto_PopDens_CT2021,TOTALPRIVDWEL2021,-1,-1;PRIVDWELLOCC2021 "PRIVDWELLOCC2021" true true false 4 Long 0 0,First,#,\\Mac\Home\Documents\Assistant Prof\Teaching\Fall 2022\GGR386\Labs\Lab 1\Lab 1\Toronto Population 2021\Toronto Population 2021.gdb\Toronto_PopDens_CT2021,PRIVDWELLOCC2021,-1,-1;AREA "AREA" true true false 8 Double 0 0,First,#,\\Mac\Home\Documents\Assistant Prof\Teaching\Fall 2022\GGR386\Labs\Lab 1\Lab 1\Toronto Population 2021\Toronto Population 2021.gdb\Toronto_PopDens_CT2021,AREA,-1,-1;POPDENS2021 "POPDENS2021" true true false 8 Double 0 0,First,#,\\Mac\Home\Documents\Assistant Prof\Teaching\Fall 2022\GGR386\Labs\Lab 1\Lab 1\Toronto Population 2021\Toronto Population 2021.gdb\Toronto_PopDens_CT2021,POPDENS2021,-1,-1;Shape_Length "Shape_Length" false true true 8 Double 0 0,First,#,\\Mac\Home\Documents\Assistant Prof\Teaching\Fall 2022\GGR386\Labs\Lab 1\Lab 1\Toronto Population 2021\Toronto Population 2021.gdb\Toronto_PopDens_CT2021,Shape_Length,-1,-1;Shape_Area "Shape_Area" false true true 8 Double 0 0,First,#,\\Mac\Home\Documents\Assistant Prof\Teaching\Fall 2022\GGR386\Labs\Lab 1\Lab 1\Toronto Population 2021\Toronto Population 2021.gdb\Toronto_PopDens_CT2021,Shape_Area,-1,-1" #</Process><Process ToolSource="c:\users\lindsey\appdata\local\programs\arcgis\pro\Resources\ArcToolbox\toolboxes\Data Management Tools.tbx\CopyFeatures" Date="20220926" Time="221820">CopyFeatures "\\Mac\Home\Documents\Assistant Prof\Teaching\Fall 2022\GGR386\Labs\Lab 1\Data\Toronto_PopDens_CT2021.shp" "\\Mac\Home\Documents\Assistant Prof\Teaching\Fall 2022\GGR386\Labs\Lab 1\TorontoPopulation2021\TorontoPopulation2021.gdb\Toronto_PopDens_CT2021" # # # #</Process><Process ToolSource="c:\users\lindsey\appdata\local\programs\arcgis\pro\Resources\ArcToolbox\toolboxes\Data Management Tools.tbx\UpdateSchema" Date="20231122" Time="232036">UpdateSchema "CIMDATA=&lt;CIMStandardDataConnection xsi:type='typens:CIMStandardDataConnection' xmlns:xsi='http://www.w3.org/2001/XMLSchema-instance' xmlns:xs='http://www.w3.org/2001/XMLSchema' xmlns:typens='http://www.esri.com/schemas/ArcGIS/3.0.0'&gt;&lt;WorkspaceConnectionString&gt;DATABASE=\\Mac\Home\Documents\Assistant Prof\Teaching\Fall 2022\GGR386\Labs\Lab 1\GGR386_Lab 1_ForAnton\TorontoPopulation2021\TorontoPopulation2021.gdb&lt;/WorkspaceConnectionString&gt;&lt;WorkspaceFactory&gt;FileGDB&lt;/WorkspaceFactory&gt;&lt;Dataset&gt;Toronto_PopDens_CT2021&lt;/Dataset&gt;&lt;DatasetType&gt;esriDTFeatureClass&lt;/DatasetType&gt;&lt;/CIMStandardDataConnection&gt;" &lt;operationSequence&gt;&lt;workflow&gt;&lt;AddField&gt;&lt;field_name&gt;join&lt;/field_name&gt;&lt;field_type&gt;TEXT&lt;/field_type&gt;&lt;field_length&gt;255&lt;/field_length&gt;&lt;field_is_nullable&gt;True&lt;/field_is_nullable&gt;&lt;field_is_required&gt;False&lt;/field_is_required&gt;&lt;/AddField&gt;&lt;/workflow&gt;&lt;/operationSequence&gt;</Process><Process ToolSource="c:\users\lindsey\appdata\local\programs\arcgis\pro\Resources\ArcToolbox\toolboxes\Data Management Tools.tbx\CalculateField" Date="20231122" Time="232052">CalculateField Toronto_PopDens_CT2021 join !CTUID! "Python 3" # Text NO_ENFORCE_DOMAINS</Process><Process ToolSource="c:\users\lindsey\appdata\local\programs\arcgis\pro\Resources\ArcToolbox\toolboxes\Conversion Tools.tbx\ExportFeatures" Date="20231122" Time="233237">ExportFeatures Toronto_PopDens_CT2021 "\\Mac\Home\Documents\Assistant Prof\Teaching\Fall 2022\GGR386\Labs\Lab 1\GGR386_Lab 1_ForAnton\TorontoPopulation2021\TorontoPopulation2021.gdb\shpct" # NOT_USE_ALIAS "CTUID "CTUID" true true false 10 Text 0 0,First,#,Toronto_PopDens_CT2021,Toronto_PopDens_CT2021.CTUID,0,10;DGUID "DGUID" true true false 21 Text 0 0,First,#,Toronto_PopDens_CT2021,Toronto_PopDens_CT2021.DGUID,0,21;CTNAME "CTNAME" true true false 7 Text 0 0,First,#,Toronto_PopDens_CT2021,Toronto_PopDens_CT2021.CTNAME,0,7;LANDAREA "LANDAREA" true true false 8 Double 0 0,First,#,Toronto_PopDens_CT2021,Toronto_PopDens_CT2021.LANDAREA,-1,-1;PRUID "PRUID" true true false 2 Text 0 0,First,#,Toronto_PopDens_CT2021,Toronto_PopDens_CT2021.PRUID,0,2;OBJECTID "OBJECTID" true true false 4 Long 0 0,First,#,Toronto_PopDens_CT2021,Toronto_PopDens_CT2021.OBJECTID,-1,-1;CTNAME_1 "CTNAME_1" true true false 254 Text 0 0,First,#,Toronto_PopDens_CT2021,Toronto_PopDens_CT2021.CTNAME_1,0,254;AREATYPE "AREATYPE" true true false 254 Text 0 0,First,#,Toronto_PopDens_CT2021,Toronto_PopDens_CT2021.AREATYPE,0,254;POP2021 "POP2021" true true false 4 Long 0 0,First,#,Toronto_PopDens_CT2021,Toronto_PopDens_CT2021.POP2021,-1,-1;POP2016 "POP2016" true true false 4 Long 0 0,First,#,Toronto_PopDens_CT2021,Toronto_PopDens_CT2021.POP2016,-1,-1;POPPCCHANG "POPPCCHANG" true true false 254 Text 0 0,First,#,Toronto_PopDens_CT2021,Toronto_PopDens_CT2021.POPPCCHANG,0,254;TOTALPRIVD "TOTALPRIVD" true true false 4 Long 0 0,First,#,Toronto_PopDens_CT2021,Toronto_PopDens_CT2021.TOTALPRIVD,-1,-1;PRIVDWELLO "PRIVDWELLO" true true false 4 Long 0 0,First,#,Toronto_PopDens_CT2021,Toronto_PopDens_CT2021.PRIVDWELLO,-1,-1;AREA "AREA" true true false 8 Double 0 0,First,#,Toronto_PopDens_CT2021,Toronto_PopDens_CT2021.AREA,-1,-1;POPDENS202 "POPDENS202" true true false 8 Double 0 0,First,#,Toronto_PopDens_CT2021,Toronto_PopDens_CT2021.POPDENS202,-1,-1;Shape_Leng "Shape_Leng" true true false 8 Double 0 0,First,#,Toronto_PopDens_CT2021,Toronto_PopDens_CT2021.Shape_Leng,-1,-1;Shape_Length "Shape_Length" false true true 8 Double 0 0,First,#,Toronto_PopDens_CT2021,Toronto_PopDens_CT2021.Shape_Length,-1,-1;Shape_Area "Shape_Area" false true true 8 Double 0 0,First,#,Toronto_PopDens_CT2021,Toronto_PopDens_CT2021.Shape_Area,-1,-1;join "join" true true false 255 Text 0 0,First,#,Toronto_PopDens_CT2021,Toronto_PopDens_CT2021.join,0,255;OBJECTID "OBJECTID" false true false 4 Long 0 9,First,#,Toronto_PopDens_CT2021,csvorig.OBJECTID,-1,-1;id "id" true true false 4 Long 0 0,First,#,Toronto_PopDens_CT2021,csvorig.id,-1,-1;geoid "geoid" true true false 8 Double 0 0,First,#,Toronto_PopDens_CT2021,csvorig.geoid,-1,-1;ctname "ctname" true true false 8 Double 0 0,First,#,Toronto_PopDens_CT2021,csvorig.ctname,-1,-1;PRUID "PRUID" true true false 4 Long 0 0,First,#,Toronto_PopDens_CT2021,csvorig.PRUID,-1,-1;areatype "areatype" true true false 8000 Text 0 0,First,#,Toronto_PopDens_CT2021,csvorig.areatype,0,8000;popn21 "popn21" true true false 8 Double 0 0,First,#,Toronto_PopDens_CT2021,csvorig.popn21,-1,-1;popnden21 "popnden21" true true false 8 Double 0 0,First,#,Toronto_PopDens_CT2021,csvorig.popnden21,-1,-1;agemed "agemed" true true false 8 Double 0 0,First,#,Toronto_PopDens_CT2021,csvorig.agemed,-1,-1;hhsizemean "hhsizemean" true true false 8 Double 0 0,First,#,Toronto_PopDens_CT2021,csvorig.hhsizemean,-1,-1;incomemed "incomemed" true true false 4 Long 0 0,First,#,Toronto_PopDens_CT2021,csvorig.incomemed,-1,-1;nonimmigrants "nonimmigrants" true true false 4 Long 0 0,First,#,Toronto_PopDens_CT2021,csvorig.nonimmigrants,-1,-1;immigrants "immigrants" true true false 4 Long 0 0,First,#,Toronto_PopDens_CT2021,csvorig.immigrants,-1,-1;airbnbcount "airbnbcount" true true false 4 Long 0 0,First,#,Toronto_PopDens_CT2021,csvorig.airbnbcount,-1,-1;airbnbdens "airbnbdens" true true false 8 Double 0 0,First,#,Toronto_PopDens_CT2021,csvorig.airbnbdens,-1,-1;accommodatesmed "accommodatesmed" true true false 4 Long 0 0,First,#,Toronto_PopDens_CT2021,csvorig.accommodatesmed,-1,-1;bedrmsmed "bedrmsmed" true true false 4 Long 0 0,First,#,Toronto_PopDens_CT2021,csvorig.bedrmsmed,-1,-1;bedsmed "bedsmed" true true false 4 Long 0 0,First,#,Toronto_PopDens_CT2021,csvorig.bedsmed,-1,-1;pricemean "pricemean" true true false 8 Double 0 0,First,#,Toronto_PopDens_CT2021,csvorig.pricemean,-1,-1;areakm2 "areakm2" true true false 8 Double 0 0,First,#,Toronto_PopDens_CT2021,csvorig.areakm2,-1,-1;join "join" true true false 255 Text 0 0,First,#,Toronto_PopDens_CT2021,csvorig.join,0,255" #</Process><Process ToolSource="c:\users\lindsey\appdata\local\programs\arcgis\pro\Resources\ArcToolbox\toolboxes\Data Management Tools.tbx\DeleteField" Date="20231122" Time="233615">DeleteField shpct CTUID;DGUID;CTNAME;LANDAREA;PRUID;OBJECTID;CTNAME_1;AREATYPE;POP2021;POP2016;POPPCCHANG;TOTALPRIVD;PRIVDWELLO;AREA;POPDENS202;Shape_Leng;join;OBJECTID_1;join_1 "Delete Fields"</Process><Process ToolSource="c:\users\lindsey\appdata\local\programs\arcgis\pro\Resources\ArcToolbox\toolboxes\Conversion Tools.tbx\ExportFeatures" Date="20231122" Time="233701">ExportFeatures shpct "\\Mac\Home\Documents\Assistant Prof\Teaching\2023_2024\Fall\GGR473\4. SDA and ML\Wk 11\Lab 5\Data\airbnbct23.shp" # NOT_USE_ALIAS "id "id" true true false 4 Long 0 0,First,#,shpct,id,-1,-1;geoid "geoid" true true false 8 Double 0 0,First,#,shpct,geoid,-1,-1;ctname_12 "ctname" true true false 8 Double 0 0,First,#,shpct,ctname_12,-1,-1;PRUID_1 "PRUID" true true false 4 Long 0 0,First,#,shpct,PRUID_1,-1,-1;areatype_1 "areatype" true true false 8000 Text 0 0,First,#,shpct,areatype_1,0,8000;popn21 "popn21" true true false 8 Double 0 0,First,#,shpct,popn21,-1,-1;popnden21 "popnden21" true true false 8 Double 0 0,First,#,shpct,popnden21,-1,-1;agemed "agemed" true true false 8 Double 0 0,First,#,shpct,agemed,-1,-1;hhsizemean "hhsizemean" true true false 8 Double 0 0,First,#,shpct,hhsizemean,-1,-1;incomemed "incomemed" true true false 4 Long 0 0,First,#,shpct,incomemed,-1,-1;nonimmigrants "nonimmigrants" true true false 4 Long 0 0,First,#,shpct,nonimmigrants,-1,-1;immigrants "immigrants" true true false 4 Long 0 0,First,#,shpct,immigrants,-1,-1;airbnbcount "airbnbcount" true true false 4 Long 0 0,First,#,shpct,airbnbcount,-1,-1;airbnbdens "airbnbdens" true true false 8 Double 0 0,First,#,shpct,airbnbdens,-1,-1;accommodatesmed "accommodatesmed" true true false 4 Long 0 0,First,#,shpct,accommodatesmed,-1,-1;bedrmsmed "bedrmsmed" true true false 4 Long 0 0,First,#,shpct,bedrmsmed,-1,-1;bedsmed "bedsmed" true true false 4 Long 0 0,First,#,shpct,bedsmed,-1,-1;pricemean "pricemean" true true false 8 Double 0 0,First,#,shpct,pricemean,-1,-1;areakm2 "areakm2" true true false 8 Double 0 0,First,#,shpct,areakm2,-1,-1;Shape_Length "Shape_Length" false true true 8 Double 0 0,First,#,shpct,Shape_Length,-1,-1;Shape_Area "Shape_Area" false true true 8 Double 0 0,First,#,shpct,Shape_Area,-1,-1" #</Process></lineage></DataProperties><SyncDate>20231122</SyncDate><SyncTime>23370000</SyncTime><ModDate>20231122</ModDate><ModTime>23370000</ModTime></Esri><dataIdInfo><envirDesc Sync="TRUE">Microsoft Windows 10 Version 10.0 (Build 22000) ; Esri ArcGIS 13.0.2.36056</envirDesc><dataLang><languageCode value="eng" Sync="TRUE"></languageCode><countryCode value="USA" Sync="TRUE"></countryCode></dataLang><idCitation><resTitle Sync="TRUE">airbnbct23</resTitle><presForm><PresFormCd value="005" Sync="TRUE"></PresFormCd></presForm></idCitation><spatRpType><SpatRepTypCd value="001" Sync="TRUE"></SpatRepTypCd></spatRpType></dataIdInfo><mdLang><languageCode value="eng" Sync="TRUE"></languageCode><countryCode value="USA" Sync="TRUE"></countryCode></mdLang><distInfo><distFormat><formatName Sync="TRUE">Shapefile</formatName></distFormat><distTranOps><transSize Sync="TRUE">0.000</transSize></distTranOps></distInfo><mdHrLv><ScopeCd value="005" Sync="TRUE"></ScopeCd></mdHrLv><mdHrLvName Sync="TRUE">dataset</mdHrLvName><refSysInfo><RefSystem><refSysID><identCode code="0" Sync="TRUE"></identCode></refSysID></RefSystem></refSysInfo><spatRepInfo><VectSpatRep><geometObjs Name="airbnbct23"><geoObjTyp><GeoObjTypCd value="002" Sync="TRUE"></GeoObjTypCd></geoObjTyp><geoObjCnt Sync="TRUE">0</geoObjCnt></geometObjs><topLvl><TopoLevCd value="001" Sync="TRUE"></TopoLevCd></topLvl></VectSpatRep></spatRepInfo><spdoinfo><ptvctinf><esriterm Name="airbnbct23"><efeatyp Sync="TRUE">Simple</efeatyp><efeageom code="4" Sync="TRUE"></efeageom><esritopo Sync="TRUE">FALSE</esritopo><efeacnt Sync="TRUE">0</efeacnt><spindex Sync="TRUE">FALSE</spindex><linrefer Sync="TRUE">FALSE</linrefer></esriterm></ptvctinf></spdoinfo><eainfo><detailed Name="airbnbct23"><enttyp><enttypl Sync="TRUE">airbnbct23</enttypl><enttypt Sync="TRUE">Feature Class</enttypt><enttypc Sync="TRUE">0</enttypc></enttyp><attr><attrlabl Sync="TRUE">FID</attrlabl><attalias Sync="TRUE">FID</attalias><attrtype Sync="TRUE">OID</attrtype><attwidth Sync="TRUE">4</attwidth><atprecis Sync="TRUE">0</atprecis><attscale Sync="TRUE">0</attscale><attrdef Sync="TRUE">Internal feature number.</attrdef><attrdefs Sync="TRUE">Esri</attrdefs><attrdomv><udom Sync="TRUE">Sequential unique whole numbers that are automatically generated.</udom></attrdomv></attr><attr><attrlabl Sync="TRUE">SHAPE</attrlabl><attalias Sync="TRUE">Shape</attalias><attrtype Sync="TRUE">Geometry</attrtype><attwidth Sync="TRUE">0</attwidth><atprecis Sync="TRUE">0</atprecis><attscale Sync="TRUE">0</attscale><attrdef Sync="TRUE">Feature geometry.</attrdef><attrdefs Sync="TRUE">Esri</attrdefs><attrdomv><udom Sync="TRUE">Coordinates defining the features.</udom></attrdomv></attr><attr><attrlabl Sync="TRUE">Shape_Leng</attrlabl><attalias Sync="TRUE">Shape_Leng</attalias><attrtype Sync="TRUE">Double</attrtype><attwidth Sync="TRUE">19</attwidth><atprecis Sync="TRUE">0</atprecis><attscale Sync="TRUE">0</attscale></attr><attr><attrlabl Sync="TRUE">id</attrlabl><attalias Sync="TRUE">id</attalias><attrtype Sync="TRUE">Integer</attrtype><attwidth Sync="TRUE">10</attwidth><atprecis Sync="TRUE">10</atprecis><attscale Sync="TRUE">0</attscale></attr><attr><attrlabl Sync="TRUE">geoid</attrlabl><attalias Sync="TRUE">geoid</attalias><attrtype Sync="TRUE">Double</attrtype><attwidth Sync="TRUE">19</attwidth><atprecis Sync="TRUE">0</atprecis><attscale Sync="TRUE">0</attscale></attr><attr><attrlabl Sync="TRUE">ctname_12</attrlabl><attalias Sync="TRUE">ctname_12</attalias><attrtype Sync="TRUE">Double</attrtype><attwidth Sync="TRUE">19</attwidth><atprecis Sync="TRUE">0</atprecis><attscale Sync="TRUE">0</attscale></attr><attr><attrlabl Sync="TRUE">PRUID_1</attrlabl><attalias Sync="TRUE">PRUID_1</attalias><attrtype Sync="TRUE">Integer</attrtype><attwidth Sync="TRUE">10</attwidth><atprecis Sync="TRUE">10</atprecis><attscale Sync="TRUE">0</attscale></attr><attr><attrlabl Sync="TRUE">areatype_1</attrlabl><attalias Sync="TRUE">areatype_1</attalias><attrtype Sync="TRUE">String</attrtype><attwidth Sync="TRUE">254</attwidth><atprecis Sync="TRUE">0</atprecis><attscale Sync="TRUE">0</attscale></attr><attr><attrlabl Sync="TRUE">popn21</attrlabl><attalias Sync="TRUE">popn21</attalias><attrtype Sync="TRUE">Double</attrtype><attwidth Sync="TRUE">19</attwidth><atprecis Sync="TRUE">0</atprecis><attscale Sync="TRUE">0</attscale></attr><attr><attrlabl Sync="TRUE">popnden21</attrlabl><attalias Sync="TRUE">popnden21</attalias><attrtype Sync="TRUE">Double</attrtype><attwidth Sync="TRUE">19</attwidth><atprecis Sync="TRUE">0</atprecis><attscale Sync="TRUE">0</attscale></attr><attr><attrlabl Sync="TRUE">agemed</attrlabl><attalias Sync="TRUE">agemed</attalias><attrtype Sync="TRUE">Double</attrtype><attwidth Sync="TRUE">19</attwidth><atprecis Sync="TRUE">0</atprecis><attscale Sync="TRUE">0</attscale></attr><attr><attrlabl Sync="TRUE">hhsizemean</attrlabl><attalias Sync="TRUE">hhsizemean</attalias><attrtype Sync="TRUE">Double</attrtype><attwidth Sync="TRUE">19</attwidth><atprecis Sync="TRUE">0</atprecis><attscale Sync="TRUE">0</attscale></attr><attr><attrlabl Sync="TRUE">nonimmigra</attrlabl><attalias Sync="TRUE">nonimmigra</attalias><attrtype Sync="TRUE">Integer</attrtype><attwidth Sync="TRUE">10</attwidth><atprecis Sync="TRUE">10</atprecis><attscale Sync="TRUE">0</attscale></attr><attr><attrlabl Sync="TRUE">incomemed</attrlabl><attalias Sync="TRUE">incomemed</attalias><attrtype Sync="TRUE">Integer</attrtype><attwidth Sync="TRUE">10</attwidth><atprecis Sync="TRUE">10</atprecis><attscale Sync="TRUE">0</attscale></attr><attr><attrlabl Sync="TRUE">airbnbcoun</attrlabl><attalias Sync="TRUE">airbnbcoun</attalias><attrtype Sync="TRUE">Integer</attrtype><attwidth Sync="TRUE">10</attwidth><atprecis Sync="TRUE">10</atprecis><attscale Sync="TRUE">0</attscale></attr><attr><attrlabl Sync="TRUE">immigrants</attrlabl><attalias Sync="TRUE">immigrants</attalias><attrtype Sync="TRUE">Integer</attrtype><attwidth Sync="TRUE">10</attwidth><atprecis Sync="TRUE">10</atprecis><attscale Sync="TRUE">0</attscale></attr><attr><attrlabl Sync="TRUE">accommodat</attrlabl><attalias Sync="TRUE">accommodat</attalias><attrtype Sync="TRUE">Integer</attrtype><attwidth Sync="TRUE">10</attwidth><atprecis Sync="TRUE">10</atprecis><attscale Sync="TRUE">0</attscale></attr><attr><attrlabl Sync="TRUE">airbnbdens</attrlabl><attalias Sync="TRUE">airbnbdens</attalias><attrtype Sync="TRUE">Double</attrtype><attwidth Sync="TRUE">19</attwidth><atprecis Sync="TRUE">0</atprecis><attscale Sync="TRUE">0</attscale></attr><attr><attrlabl Sync="TRUE">bedrmsmed</attrlabl><attalias Sync="TRUE">bedrmsmed</attalias><attrtype Sync="TRUE">Integer</attrtype><attwidth Sync="TRUE">10</attwidth><atprecis Sync="TRUE">10</atprecis><attscale Sync="TRUE">0</attscale></attr><attr><attrlabl Sync="TRUE">bedsmed</attrlabl><attalias Sync="TRUE">bedsmed</attalias><attrtype Sync="TRUE">Integer</attrtype><attwidth Sync="TRUE">10</attwidth><atprecis Sync="TRUE">10</atprecis><attscale Sync="TRUE">0</attscale></attr><attr><attrlabl Sync="TRUE">pricemean</attrlabl><attalias Sync="TRUE">pricemean</attalias><attrtype Sync="TRUE">Double</attrtype><attwidth Sync="TRUE">19</attwidth><atprecis Sync="TRUE">0</atprecis><attscale Sync="TRUE">0</attscale></attr><attr><attrlabl Sync="TRUE">areakm2</attrlabl><attalias Sync="TRUE">areakm2</attalias><attrtype Sync="TRUE">Double</attrtype><attwidth Sync="TRUE">19</attwidth><atprecis Sync="TRUE">0</atprecis><attscale Sync="TRUE">0</attscale></attr><attr><attrlabl Sync="TRUE">SHAPE_Area</attrlabl><attalias Sync="TRUE">Shape_Area</attalias><attrtype Sync="TRUE">Double</attrtype><attwidth Sync="TRUE">19</attwidth><atprecis Sync="TRUE">0</atprecis><attscale Sync="TRUE">0</attscale><attrdef Sync="TRUE">Area of feature in internal units squared.</attrdef><attrdefs Sync="TRUE">Esri</attrdefs><attrdomv><udom Sync="TRUE">Positive real numbers that are automatically generated.</udom></attrdomv></attr></detailed></eainfo><mdDateSt Sync="TRUE">20231122</mdDateSt></metadata>
